peak_idx,retention_time,arrival_time,departure_time,area,height,detector,replicate,time_idx,compound,od_600nm,rel_area_phosphate,strain,carbon_source,medium_base,date
2,10.924000000000001,10.567,12.133,260705,14012,B,1,1,NaCl,0.105,0.16890574242595047,REL606,acetate,DM,2021-04-27
3,13.947000000000001,12.617,14.258,1543494,41886,B,1,1,phosphate,0.105,1.0,REL606,acetate,DM,2021-04-27
5,25.119,24.38300000000001,26.217,336558,11354,B,1,1,acetate,0.105,0.21804943848178224,REL606,acetate,DM,2021-04-27
1,10.925999999999998,10.467,11.567,227189,13466,B,1,2,NaCl,0.149,0.14747476189981618,REL606,acetate,DM,2021-04-27
2,13.949000000000002,12.607999999999999,14.267000000000001,1540528,41790,B,1,2,phosphate,0.149,1.0,REL606,acetate,DM,2021-04-27
4,25.124000000000002,24.366999999999997,26.208000000000002,323687,10907,B,1,2,acetate,0.149,0.21011432443941297,REL606,acetate,DM,2021-04-27
1,10.91,10.492,11.45,128147,7834,B,1,3,NaCl,0.194,0.14246058479688192,REL606,acetate,DM,2021-04-27
2,13.724,12.625,14.133,899526,28431,B,1,3,phosphate,0.194,1.0,REL606,acetate,DM,2021-04-27
4,25.128,24.416999999999998,26.166999999999998,179590,6140,B,1,3,acetate,0.194,0.19964959323021236,REL606,acetate,DM,2021-04-27
1,10.927999999999999,10.467,11.542,228415,13545,B,1,4,NaCl,0.213,0.14785807592570296,REL606,acetate,DM,2021-04-27
2,13.953,12.617,14.267000000000001,1544826,41900,B,1,4,phosphate,0.213,1.0,REL606,acetate,DM,2021-04-27
4,25.127,24.366999999999997,26.25800000000001,307548,10370,B,1,4,acetate,0.213,0.1990826151294709,REL606,acetate,DM,2021-04-27
1,10.927,10.433,12.283,245588,13709,B,2,1,NaCl,0.095,0.15906247004479357,REL606,acetate,DM,2021-04-27
2,13.952,12.617,14.267000000000001,1543972,41903,B,2,1,phosphate,0.095,1.0,REL606,acetate,DM,2021-04-27
5,25.125,24.366999999999997,26.233,337540,11383,B,2,1,acetate,0.095,0.21861795421160488,REL606,acetate,DM,2021-04-27
1,10.925,10.467,11.55,228307,13555,B,2,2,NaCl,0.133,0.1471290100770293,REL606,acetate,DM,2021-04-27
2,13.95,12.607999999999999,14.267000000000001,1551747,42025,B,2,2,phosphate,0.133,1.0,REL606,acetate,DM,2021-04-27
4,15.286,15.125,15.992,5057,204,B,2,2,glucose,0.133,0.003258907540984452,REL606,acetate,DM,2021-04-27
6,25.121,24.375,26.225,327474,11046,B,2,2,acetate,0.133,0.2110356907408231,REL606,acetate,DM,2021-04-27
1,10.925,10.458,11.575,227831,13522,B,2,3,NaCl,0.151,0.14703944290089097,REL606,acetate,DM,2021-04-27
2,13.949000000000002,12.607999999999999,14.267000000000001,1549455,41973,B,2,3,phosphate,0.151,1.0,REL606,acetate,DM,2021-04-27
4,15.286,15.133,16.008,5140,211,B,2,3,glucose,0.151,0.0033172954361372223,REL606,acetate,DM,2021-04-27
6,25.123,24.375,26.233,322151,10864,B,2,3,acetate,0.151,0.20791245954222615,REL606,acetate,DM,2021-04-27
1,10.925999999999998,10.467,11.55,227921,13537,B,2,4,NaCl,0.174,0.14706364384841517,REL606,acetate,DM,2021-04-27
2,13.95,12.6,14.267000000000001,1549812,41992,B,2,4,phosphate,0.174,1.0,REL606,acetate,DM,2021-04-27
4,15.295,15.133,16.092,5521,217,B,2,4,glucose,0.174,0.003562367564582027,REL606,acetate,DM,2021-04-27
6,25.122,24.38300000000001,26.217,318479,10746,B,2,4,acetate,0.174,0.20549524716546266,REL606,acetate,DM,2021-04-27
2,10.932,10.45,12.258,245744,13745,B,3,1,NaCl,0.107,0.1583052199159593,REL606,acetate,DM,2021-04-27
3,13.959000000000001,12.617,14.275,1552343,42054,B,3,1,phosphate,0.107,1.0,REL606,acetate,DM,2021-04-27
5,15.297,15.142000000000001,16.108,5437,211,B,3,1,glucose,0.107,0.0035024475905131793,REL606,acetate,DM,2021-04-27
7,25.135,24.392,26.2,336353,11354,B,3,1,acetate,0.107,0.21667440765346319,REL606,acetate,DM,2021-04-27
1,10.929,10.467,11.55,228487,13584,B,3,2,NaCl,0.155,0.14715700323635017,REL606,acetate,DM,2021-04-27
2,13.956,12.607999999999999,14.267000000000001,1552675,42094,B,3,2,phosphate,0.155,1.0,REL606,acetate,DM,2021-04-27
4,15.293,15.125,16.05,5596,219,B,3,2,glucose,0.155,0.003604102597130758,REL606,acetate,DM,2021-04-27
6,25.131999999999998,24.38300000000001,26.275,324610,10951,B,3,2,acetate,0.155,0.209065000724556,REL606,acetate,DM,2021-04-27
1,10.927,10.467,11.567,228364,13590,B,3,3,NaCl,0.199,0.14723462802889192,REL606,acetate,DM,2021-04-27
2,13.954,12.607999999999999,14.267000000000001,1551021,42045,B,3,3,phosphate,0.199,1.0,REL606,acetate,DM,2021-04-27
4,15.288,15.125,16.133,6027,232,B,3,3,glucose,0.199,0.0038858274646184675,REL606,acetate,DM,2021-04-27
6,25.13,24.375,26.267,311658,10514,B,3,3,acetate,0.199,0.2009373180633918,REL606,acetate,DM,2021-04-27
1,10.929,10.467,11.575,228923,13598,B,3,4,NaCl,0.22,0.14741170031230882,REL606,acetate,DM,2021-04-27
2,13.957,12.607999999999999,14.267000000000001,1552950,42089,B,3,4,phosphate,0.22,1.0,REL606,acetate,DM,2021-04-27
4,15.292,15.125,16.042,5746,228,B,3,4,glucose,0.22,0.0037000547345374933,REL606,acetate,DM,2021-04-27
6,25.13300000000001,24.38300000000001,26.158,306513,10349,B,3,4,acetate,0.22,0.19737467400753406,REL606,acetate,DM,2021-04-27
1,10.927999999999999,10.442,12.242,245364,13717,B,4,1,NaCl,0.102,0.15822391775792058,REL606,acetate,DM,2021-04-27
2,13.953,12.607999999999999,14.267000000000001,1550739,42016,B,4,1,phosphate,0.102,1.0,REL606,acetate,DM,2021-04-27
4,15.282,15.125,16.008,5251,208,B,4,1,glucose,0.102,0.003386127517267574,REL606,acetate,DM,2021-04-27
6,25.128,24.375,26.225,335855,11320,B,4,1,acetate,0.102,0.2165773866524283,REL606,acetate,DM,2021-04-27
1,10.925,10.458,11.567,228481,13561,B,4,2,NaCl,0.161,0.1470897624737341,REL606,acetate,DM,2021-04-27
2,13.952,12.607999999999999,14.267000000000001,1553344,42058,B,4,2,phosphate,0.161,1.0,REL606,acetate,DM,2021-04-27
4,15.284,15.125,16.175,6195,233,B,4,2,glucose,0.161,0.003988170038317334,REL606,acetate,DM,2021-04-27
6,25.128,24.38300000000001,26.241999999999997,321469,10833,B,4,2,acetate,0.161,0.2069528707099007,REL606,acetate,DM,2021-04-27
1,10.927999999999999,10.467,11.583,228815,13573,B,4,3,NaCl,0.185,0.14716513444017243,REL606,acetate,DM,2021-04-27
2,13.956,12.607999999999999,14.267000000000001,1554818,42091,B,4,3,phosphate,0.185,1.0,REL606,acetate,DM,2021-04-27
4,15.298,15.125,16.175,6297,235,B,4,3,glucose,0.185,0.004049991703208993,REL606,acetate,DM,2021-04-27
6,25.131,24.392,26.308000000000003,315946,10640,B,4,3,acetate,0.185,0.20320449081500214,REL606,acetate,DM,2021-04-27
1,10.927999999999999,10.467,11.567,228698,13572,B,4,4,NaCl,0.205,0.14715291683181567,REL606,acetate,DM,2021-04-27
2,13.956,12.607999999999999,14.267000000000001,1554152,42079,B,4,4,phosphate,0.205,1.0,REL606,acetate,DM,2021-04-27
4,15.302,15.117,16.05,5938,231,B,4,4,glucose,0.205,0.003820733107186427,REL606,acetate,DM,2021-04-27
6,25.13300000000001,24.392,26.275,311287,10486,B,4,4,acetate,0.205,0.20029379365724845,REL606,acetate,DM,2021-04-27
